text,true_emotion,pred_0,pred_1,pred_5
Eat my ass' is no longer an insult,anger,joy,anger,anger
@LeonWobYP b***er off. NCFC is a grudge match :),anger,joy,anger,anger
also i had an awful nightmare involving being sick where worms were involved i was so disgusted when i woke up,fear,sadness,fear,fear
If my concerns &amp; anxiety don't matter to you then I shall return the favor. #EyeMatter,fear,anger,fear,fear
The moment you bring her to meet your best friend and you're nervous af! ðŸ˜¬ðŸ˜†  #thefriendtest,fear,joy,fear,fear
"...at your age, the heyday in the blood is tame...' @TheArtofCharm #shakespeareaninsults #hamlet #elizabethan #williamshakespeare",joy,anger,joy,sadness
yesterday i finished watching penny dreadful and from all the beautiful things i saw one question remains: were the writers HIM's fans?,sadness,joy,joy,sadness
I can't WAIT to go to work tomorrow with a high as fuck fever. [sarcasm]\nHopefully I'll feel better tomorrow.\nBut I doubt it. #pessimism,sadness,anger,sadness,sadness
you are on an endless journey of figuring yourself out; don't be discouraged when you don't know who you are yet.,sadness,joy,sadness,sadness
Rooney is 5 yards off the pace in a League Cup game against Northampton Town. Let that sink in for a moment. #MUFC,sadness,anger,anger,sadness
On bedrest since I got out of the hospital. U find in unopened beer.. what do I do. Pour that shit out! No alcohol at all for me #sober,sadness,anger,anger,sadness
If you #invest in my new #film I will stop asking you to invest in my new film. #concessions #crime #despair #shortsightedness #celebrities,sadness,anger,anger,sadness
