text,true_emotion,predicted_emotion
"@huwellwell One chosen by the CLP members! MP seats are not for people to dole out to their mates, we elect candidates. #fuming",anger,anger
"[ @HedgehogDylan ] *she would frown a bit, folding her arms* 'why is it that every time I'm in need of assistance someone expects a lil **",anger,fear
I think @Sam_Canaday &amp; @KYLEJDOWSON must actually have to be working like me &amp; @dowson_brady because I havent got any snap chat videos today,anger,sadness
"@LaureEve I am sitting here wrapped in a fluffy blanket, with incense burning, listening to Bon Iver and drinking mulled wine. I'm there.",anger,joy
"Anger, resentment, and hatred are the destroyer of your fortune today.'",anger,anger
@IllinoisLoyalty that Rutgers game was an abomination. An affront to God and man. We must never speak of it again.,anger,sadness
Eat my ass' is no longer an insult,anger,anger
S/O to the girl that just hit my car...not only did she get lucky w/ no scratch but also from being spared the wrath of sleep deprived KaitüôÉ,anger,anger
@__NETFLIXNCHILL I fuck with madden way harder,anger,joy
"Is it me, or is Ding wearing the look of a man who's just found his arch enemy in bed with his missus? #angryman ",anger,anger
"@huwellwell One chosen by the CLP members! MP seats are not for people to dole out to their mates, we elect candidates. ",anger,anger
It's the most magical time of the year......Xmas party announced and the #outrage commences. Gotta love Silicon Valley millennials.,anger,anger
Just seeing Alex revells face gets me angry,anger,anger
"Why to have vanity sizes?Now sizes S,XS(evenXXS sometimes) are too big, WTF?! Dear corporate jerks, Lithuania didn't need this. #rant ",anger,anger
"I miss my gran singing Rawhide, in her deep baritone growl.",anger,sadness
Literally fuming fuck sake,anger,anger
"Why to have vanity sizes?Now sizes S,XS(evenXXS sometimes) are too big, WTF?! Dear corporate jerks, Lithuania didn't need this. #rant #angry",anger,anger
@isthataspider @dhodgs i will fight this guy! Don't insult the lions like that! But seriously they kinda are.Wasted some of the best players,anger,anger
I wouldn't have #anger issues.....if she didn't have #lying issues.....think about that one. #pow #lies #confusion,anger,anger
@LeonWobYP b***er off. NCFC is a grudge match :),anger,anger
"‚ä∞ @FrameOfAnAngel ‚ä± \n\n+ Of them. I'm here for answers, and if I scare her to death, there won't be answers for me. \n\nSo instead, I just +",fear,fear
Nothing worse than an uber driver that can't drive. ,fear,anger
"Gahh...BT, in queue for 30 minutes.. Now put through to BT Sport dept to cancel... back in a queue again... #shocking",fear,anger
@CNNPolitics I can't wait to hear what he had to say about the brilliant Dr. Hawking... it should be rich... In the poorest of taste! #bully,fear,anger
An adviser to the #European #Union‚Äôs top #court said #Hamas and the #Tamil #Tigers should be taken off the EU‚Äôs #terror list.#lka,fear,joy
"By officialy adopting #BurhanWani, a #Hizbul terrorist, #Pakistan n #NawazSharif hv md a cardinal mistake 2day tht'll haunt fr years. #UNGA",fear,anger
also i had an awful nightmare involving being sick where worms were involved i was so disgusted when i woke up,fear,fear
Whatt a trailerrrr !!! @karanjohar @AnushkaSharma #RanbirKapoor #AishwaryaRaiBachchan i am COMPLETELY BLOWN !!  #longingformore,fear,joy
If my concerns &amp; anxiety don't matter to you then I shall return the favor. #EyeMatter,fear,fear
"Really.....#Jumanji 2....w/ The Rock, Jack Black, and Kevin Hart...are you kidding me! WTF! #ThisIsATerribleIdea ",fear,anger
The Apocalypse has hit our gym and it's  nothing what I thought it would be...\n\nEveryone is wearing vests! What if it's contagious? ,fear,fear
That's an awful miss from Rooney.,fear,sadness
"Ever been really lonely and your phone keeps blowing up, but you just can‚Äôt pick it up and respond to people?  #recluse #issues",fear,sadness
@All4 is the android app it designed to be buggy and work sporadically on a fire TV box? #shocking,fear,anger
"Honestly, there are some awful people on the internet... smh...",fear,sadness
The moment you bring her to meet your best friend and you're nervous af! üò¨üòÜ  #thefriendtest,fear,fear
Nothing worse than an uber driver that can't drive. #awful,fear,anger
Whatt a trailerrrr !!! @karanjohar @AnushkaSharma #RanbirKapoor #AishwaryaRaiBachchan i am COMPLETELY BLOWN !! #awestruck #longingformore,fear,joy
"The 2nd step to beating #anxiety or #depression is realising that it's not about waiting for ...., Take action yourself now.",fear,sadness
Hillary Clinton looked the other way to the Saudi war on women and their terror financing because they bought her off.,fear,anger
The smell of freshly cut grass didn't even cheer me up...boy oh boy,joy,sadness
"@diehimbeertonis She developed her 'forced smile'. I can force myself to describe it 'a little hearty maybe, sanki biraz':)",joy,sadness
@HunterDean_ [he gives a gleeful squeak and wraps around you] All mine!,joy,joy
@hesham786 that's the spirit #optimism,joy,joy
Sioux Valley wins home competitive #cheer invite with a score of 158. ...Dell Rapids second at 138,joy,joy
@GigaFag @pipertownsend_ snapchat new would beg to differ ,joy,joy
"@airtelindia have some issues with my broadband bill ,I am charged for the month before I signed up with airtel.. ",joy,anger
"@Geminiak @LondonNPC you're welcome! #wordgeek \nAlso, good to put a face to the twitter feed, even if it was only a cheery hello! üòÄ",joy,joy
@tomlinmayniac starting my new challenge ! A glee poll every day !,joy,joy
Nawaz Sharif is getting more funnier than @kapilsharmak9 day by day.  #challenge #kashmir #baloch,joy,joy
"...at your age, the heyday in the blood is tame...' @TheArtofCharm #shakespeareaninsults #hamlet #elizabethan #williamshakespeare",joy,sadness
"If you don't respond to an email within 7 fays, you wifl be killed by an animated gif of the girl from The Ring.",joy,fear
"Ready for that nice, breezy, calm, sunshine weather.üçÇüçÅ #Autumn",joy,joy
"@PhilGlutting Hey There Phil Glutting thank you for following us, it's appreciated :) #smile",joy,joy
@yungdoujin wouldn't that basically be sparkling water,joy,joy
@chencouture LMAO Is it that 'so slutty' hater girl? That video was hilarious. üòÇ,joy,joy
I love my family so much #lucky #grateful #smartassfamily #hilarious #love,joy,joy
@Bridget_Jones was joyous. Worried I would be disappointed. Most definitely was not. #chickflick #giggles #comethefuckonbridget,joy,joy
@GameGrumps THANK YOU SO MUCH FOR COMING TO DETROIT I'm going to sob joyful rainbows now brb,joy,joy
"It's #HobbitDay! \nHobbit's give gifts on their birthdays, so I'm sharing the gift of #glee today! Find something that makes you happy!",joy,joy
yesterday i finished watching penny dreadful and from all the beautiful things i saw one question remains: were the writers HIM's fans?,sadness,sadness
@FFBren @CDCarter13 included for maximum #sadness,sadness,sadness
I can't WAIT to go to work tomorrow with a high as fuck fever. [sarcasm]\nHopefully I'll feel better tomorrow.\nBut I doubt it. #pessimism,sadness,sadness
"@Virgin_TrainsEC I feel for the conductor tonight, he's obviously taken grief over the last few weeks, he sounds weary of apologising!",sadness,sadness
"I'd rather laugh with the rarest genius, in beautiful alliance with his own being, where he kept his sadness. #melancholy",sadness,sadness
@AnjiDunlap droop in leggings? Are they wearing XXXL?,sadness,anger
you are on an endless journey of figuring yourself out; don't be discouraged when you don't know who you are yet.,sadness,sadness
@trashcami this cured my depression,sadness,joy
Buddha doesn't possess enough power to deliver you from your affliction!,sadness,anger
This world has some serious issues we should all go to therapy,sadness,sadness
Rooney is 5 yards off the pace in a League Cup game against Northampton Town. Let that sink in for a moment. #MUFC,sadness,sadness
Chalk dance notation entree manchester inasmuch as corinthian products that discourage drag branding: ARwuEVfqv,sadness,fear
On bedrest since I got out of the hospital. U find in unopened beer.. what do I do. Pour that shit out! No alcohol at all for me #sober,sadness,sadness
"Just watched Django Unchained, Other people may frown, but I titter in delight! 2/5",sadness,joy
A .500 season is all I'm looking for at this point. #depressing #royals,sadness,sadness
"@DxfyingGrxvity - frustration, looking up at Elphaba in a frown of aggravation. Her high pitched voice was growing more and more --",sadness,anger
If you #invest in my new #film I will stop asking you to invest in my new film. #concessions #crime #despair #shortsightedness #celebrities,sadness,sadness
"@LeePorter94 @DomMcGovern_ hi Dom I saw u at Notts county away, looking for 1 mufc away ticket will pay ",sadness,joy
Common app just randomly logged me out as I was writing the last part of my college essay and lost all of it üò≠üò≠üò≠,sadness,sadness
This shit hurting my heart üò™ that's how serious it is .,sadness,sadness
